id,name
1,Alice1
2,Alice2
3,Alice3
4,Alice4
5,Alice5
6,Alice6
7,Alice7
8,Alice8
9,Alice9
10,Alice10
11,Alice11
12,Alice12
13,Alice13
14,Alice14
15,Alice15
16,Alice16
17,Alice17
18,Alice18
19,Alice19
20,Alice20
21,Alice21
22,Alice22
23,Alice23
24,Alice24
25,Alice25
26,Alice26
27,Alice27
28,Alice28
29,Alice29
30,Alice30
31,Alice31
32,Alice32
33,Alice33
34,Alice34
35,Alice35
36,Alice36
37,Alice37
38,Alice38
39,Alice39
40,Alice40
41,Alice41
42,Alice42
43,Alice43
44,Alice44
45,Alice45
46,Alice46
47,Alice47
48,Alice48
49,Alice49
50,Alice50
51,Alice51
52,Alice52
53,Alice53
54,Alice54
55,Alice55
56,Alice56
57,Alice57
58,Alice58
59,Alice59
60,Alice60
61,Alice61
62,Alice62
63,Alice63
64,Alice64
65,Alice65
66,Alice66
67,Alice67
68,Alice68
69,Alice69
70,Alice70
71,Alice71
72,Alice72
73,Alice73
74,Alice74
75,Alice75
76,Alice76
77,Alice77
78,Alice78
79,Alice79
80,Alice80
81,Alice81
82,Alice82
83,Alice83
84,Alice84
85,Alice85
86,Alice86
87,Alice87
88,Alice88
89,Alice89
90,Alice90
91,Alice91
92,Alice92
93,Alice93
94,Alice94
95,Alice95
96,Alice96
97,Alice97
98,Alice98
99,Alice99
100,Alice100
